firstname,lastname,email
Lorena,Cunha,lorena.cunha@gmail.com
Enzo,Rocha,enzo.rocha@uol.com.br
Benjamin,Carvalho,benjamin.carvalho@gmail.com
Gabrielly,Barros,gabrielly.barros@ig.com.br
Lívia,da Luz,lívia.da.luz@gmail.com
Maria Alice,Fogaça,maria.alice.fogaça@hotmail.com
Isabel,Monteiro,isabel.monteiro@gmail.com
Ana Luiza,da Cunha,ana.luiza.da.cunha@uol.com.br
Henrique,da Costa,henrique.da.costa@gmail.com
Theo,da Costa,theo.da.costa@ig.com.br
Ana Sophia,Monteiro,ana.sophia.monteiro@gmail.com
Emanuella,Freitas,emanuella.freitas@gmail.com
João,Rocha,joão.rocha@gmail.com
Marcelo,Jesus,marcelo.jesus@uol.com.br
João Gabriel,Costa,joão.gabriel.costa@uol.com.br
Vinicius,Almeida,vinicius.almeida@bol.com.br
Pedro Miguel,das Neves,pedro.miguel.das.neves@ig.com.br
Gabrielly,Rocha,gabrielly.rocha@bol.com.br
João Pedro,Araújo,joão.pedro.araújo@gmail.com
Guilherme,Barros,guilherme.barros@uol.com.br
Alícia,Pereira,alícia.pereira@gmail.com
Rafaela,da Cunha,rafaela.da.cunha@hotmail.com
Maria Eduarda,Pires,maria.eduarda.pires@uol.com.br
Maria,Fogaça,maria.fogaça@yahoo.com.br
Ana Clara,Moraes,ana.clara.moraes@uol.com.br
Evelyn,Pereira,evelyn.pereira@ig.com.br
Emilly,Nunes,emilly.nunes@yahoo.com.br
Marcela,Rocha,marcela.rocha@yahoo.com.br
Isadora,Dias,isadora.dias@uol.com.br
Isabelly,Moura,isabelly.moura@yahoo.com.br
Sophie,da Rosa,sophie.da.rosa@ig.com.br
Giovanna,Pires,giovanna.pires@hotmail.com
Isabel,Melo,isabel.melo@hotmail.com
Letícia,Ribeiro,letícia.ribeiro@uol.com.br
Theo,Novaes,theo.novaes@uol.com.br
Agatha,Carvalho,agatha.carvalho@uol.com.br
Mariana,Cunha,mariana.cunha@hotmail.com
Igor,Silveira,igor.silveira@uol.com.br
Otávio,Carvalho,otávio.carvalho@uol.com.br
Breno,da Luz,breno.da.luz@uol.com.br
Maria Luiza,Farias,maria.luiza.farias@hotmail.com
Lavínia,Monteiro,lavínia.monteiro@hotmail.com
Letícia,Costela,letícia.costela@gmail.com
Felipe,Peixoto,felipe.peixoto@bol.com.br
Yago,Silva,yago.silva@hotmail.com
Caroline,Pereira,caroline.pereira@hotmail.com
Maria Julia,da Rocha,maria.julia.da.rocha@yahoo.com.br
Maria,Carvalho,maria.carvalho@hotmail.com
Isis,Mendes,isis.mendes@uol.com.br
Alícia,Silva,alícia.silva@uol.com.br
Marcelo,Barbosa,marcelo.barbosa@uol.com.br
Olivia,Costa,olivia.costa@uol.com.br
Thales,Carvalho,thales.carvalho@gmail.com
Alexandre,da Paz,alexandre.da.paz@bol.com.br
Pedro Miguel,Cardoso,pedro.miguel.cardoso@gmail.com
Larissa,Fogaça,larissa.fogaça@bol.com.br
Luiz Henrique,Duarte,luiz.henrique.duarte@uol.com.br
Isadora,Oliveira,isadora.oliveira@hotmail.com
Lara,Barbosa,lara.barbosa@hotmail.com
Giovanna,Barros,giovanna.barros@bol.com.br
Olivia,Freitas,olivia.freitas@gmail.com
Larissa,Cavalcanti,larissa.cavalcanti@yahoo.com.br
Igor,Nunes,igor.nunes@hotmail.com
Bianca,Sales,bianca.sales@uol.com.br
Rebeca,Almeida,rebeca.almeida@bol.com.br
Isaac,Monteiro,isaac.monteiro@yahoo.com.br
Pedro,Dias,pedro.dias@bol.com.br
Cauê,Azevedo,cauê.azevedo@uol.com.br
Fernanda,Alves,fernanda.alves@gmail.com
Fernando,Cunha,fernando.cunha@yahoo.com.br
Ana Sophia,Campos,ana.sophia.campos@ig.com.br
Joana,Araújo,joana.araújo@ig.com.br
Sabrina,Porto,sabrina.porto@bol.com.br
Helena,Caldeira,helena.caldeira@yahoo.com.br
Yasmin,Duarte,yasmin.duarte@yahoo.com.br
Isabel,Gomes,isabel.gomes@hotmail.com
Sophia,Almeida,sophia.almeida@ig.com.br
Pedro Henrique,Martins,pedro.henrique.martins@bol.com.br
Mariana,Sales,mariana.sales@bol.com.br
Ana Laura,Moraes,ana.laura.moraes@gmail.com
